title,genre,country,year,company,director,actor,date,running_time,keyword,plot
와일드 오키드,드라마,미국,1990,Vision PDG,쟐만 킹,"미키 루크,재클린 비셋,캐르 오티스,아슘타 세나,브루스 그린우드,올렉 비도프,밀튼 곤칼브즈,젠즈 피터,안토니오 마리오 실바 다 실바,폴 랜드,마이클 비엘라,베르나르도 자블론스키",19900630,105,"여변호사,리오,출장,관광호텔단지,재벌,축제","젊고 아름다운 법학도 에밀리는 부동산개발회사에 취직하자마자 여사장 클라우디아와 함께 리오데자네이로로 온다. 여행목적은 자금난으로 어려움을 겪는 관광호텔단지를 인수하기 위해 중국인 투자가들의 차관단을 조직하는 것이다. 그곳에서 에밀리는 재벌사업가 제임스를 만나 사랑하게 되지만, 그는 다른 사람의 정사를 목격하면서 즐길 뿐 정작 자신은 사랑하기를 거부하는 묘한 남자로 에밀리의 사랑을 외면한다. 에밀리가 낙담한 채 호텔에 돌아오니 제임스가 기다리고 있다. 그"
마곡의 결투,"시대극/사극,활극","대한민국,대만",1969,"덕영필림,이명영화사","이대련,이관장","정강,김청자,최성호,이선,강명,무민웅,주명,대군평",19690516,86,"한국대만합작영화,합작영화",어느 마을에 산적들이 몰려와 양민을 괴롭히고 있었다. 원수를 찾아 방랑하던 젊은 무사와 처녀 무사가 마침 그 마을을 지나다가 양민을 도와 산적의 무리와 대결하게 된다. 그들이 위기에 처할 때마다 무술솜씨가 뛰어난 한 도사가 나타나 그들을 돕는다. 마침내 그들은 산적의 무리를 일소한다. 그후 그들은 그 도사가 젊은 무사의 형이 었다는 사실과 죽은 산적 두목이 바로 처녀 무사가 찾던 원수임을 알게 되어 각자 자신의 목적지를 향해 흩어진다.
월부 남비서,코메디,대한민국,1969,주식회사 신아필림,심우섭,"구봉서(고등어),김지수(허문옥),허장강(오동동),도금봉(정여사),양훈(허노인),송해(건달),김소은(영자),안인숙(팔푼이),조학자,김세라,문미봉,권일정,임하",19690606,88,"희극,비서,회사원,컬러시네마스코프,바람기","라디오 월부 판매원인 고등어는 월부 비서로 취직하게 된다. 그가 해야 할 일은 남편의 바람기 때문에 고민하는 정여사의 지시대로 오동동 사장의 거동을 자세히 감시,보고하는 것이다. 그리하여 그는 오동동 사장의 뒤를 밟으면서 가끔 양심의 가책을 느끼도록 만든다.그리하여 사장의 마음을 바로잡고 그런 공로로 회사의 선전부장이 되어 그동안 사귀어 오던 아가씨와 화촉을 밝히게 된다."
원,공포(호러),대한민국,1969,대동영화주식회사,남태권,"허장강(고광재(식물학자, 흑묘원 주인)),윤정희(오정주(창일의 약혼녀)),이순재(윤창일(식물학전공 학생)),김석훈(최성호(불당골 돌상놈)),이빈화(수미(박사의 부인)),강미애(옥녀(성호의 애인, 원귀)),송미남(노파(박사의 유모)),송억(칠성아버지(불당골 구이꾼)),추봉(구이꾼 C),김수천(구이꾼 A),김경란(여인 A),임애심,권오상(학생 A),최병철(학생 B),주상호(구이꾼 B),김신명(주모),임영자,김지영(여인 B),마도식(학생 C),정미경(주모)",19691008,80,"원한,식물학자,처녀귀신,원귀,결혼반대,부모반대,꽃,공포영화,괴기,컬러시네마스코프","'식물에도 영(靈)의 세계가 있다'는 주제로 논문을 쓰려는 창일(이순재)은 지도교수인 최성호(김석훈)에게 연구를 위해 불당골을 찾아가겠다고 말한다. 성호의 딸 정주(윤정희)는 창일과 연인 사이, 창일과 정주는 흑묘원의 고광재 박사(허장강)를 찾아가 논문을 도와달라고 부탁한다. 한때 식물학계의 권위자였던 고박사는 유모와 함께 흑묘원에서 은거하고 있다. 고박사는 창일과 정주에게 며칠 쉬어가라고 한다. 그날 밤 정주는 창밖에서 산발한 여자를 목격하고 경악한다. 창일은 고박사와 유모에게서 이상한 기운을 감지하고 고박사의 행동을 유심히 관찰한다. 한편 창일과 정주의 편지를 받은 최성호 교수는 고박사가 이미 5년 전에 죽은 사람이라며 자신이 그곳에 가보겠다고 한다. 고박사의 미심쩍은 행동을 관찰하던 창일은 고박사를 미행하다가 그의 일기를 보게 된다. 일기에 쓰여진 고박사와 과거가 밝혀진다. 수십년 전 불당골에 살던 광재는 옥녀(강미애)라는 처녀를 짝사랑하고 있었는데, 옥녀는 성호와 서로 사랑하는 사이였다. 성호와의 결혼을 반대하는 부모 때문에 성호와 옥녀는 함께 도망가기로 하는데, 이를 알게 된 광재는 떠나려는 옥녀를 겁탈하고 실수로 그녀를 죽이게 된다. 성호는 홀로 떠났고, 괴로워하던 광재 또한 일본으로 유학을 가서 식물학 박사가 되어 수미(이빈화)와 결혼해 고향으로 돌아온다. 그런데 아내인 수미가 시름시름 앓으며 옥녀의 환영에 시달린다. 아내의 병에 이상한 느낌을 갖고 있던 광재 앞에 옥녀의 귀신이 나타나 그를 유혹한다. 귀신에 홀려 동굴까지 오게 된 광재는 그곳에서 이상한 꽃을 발견하고 실험실로 가져오는데, 그 꽃이 바로 옥녀의 혼이었다. 사람의 피를 주면 그 꽃은 옥녀가 되어 나타나는데, 시들지 않고 당신 곁에 영원히 있고 싶다는 옥녀의 말에 광재는 살인을 시작한다. 마침내 옥녀는 광재에게 수미의 피를 요구하게 되고 광재가 갈등하는 와중에 수미는 병이 깊어져 결국 죽고만다. 아내마저 잃고 절망한 광재는 옥녀가 자신의 모든 것을 앗아갔다며 꽃을 뽑아버리지만, 아무리 뽑아버려도 꽃은 다시 피어난다. 이러한 사연을 알게 된 창일은 위험을 직감하는데, 광재 또한 자신의 비밀이 드러난 것을 눈치채고 그들을 죽이려 한다. 한편 유모는 자신이 모시는 광재가 또 다시 살인을 하려 하자 옥녀의 혼이 담긴 꽃에 신령의 그림을 가져가고 그로 인해 옥녀의 귀신은 사라지고 꽃만 남는다. 창일과 정주를 추격하던 광재 또한 이 순간 고통에 빠진다. 광재는 실험실로 돌아와 꽃을 들고 동굴로 가는데 동굴이 무너져 광재와 꽃은 함께 돌더미에 묻힌다. 뒤쫓아온 창일과 정주는 이를 목격하고 이들을 찾으러온 성호와 함께 흑묘원을 떠난다. (영화)"
미워도 다시한번(3편),"멜로/로맨스,드라마",대한민국,1969,대양영화주식회사,정소영,"신영균(김신호(제약회사사장)),문희(혜영(신호의 옛애인)),김정훈(영신(혜영의 아들)),전계현(윤여사(신호의 부인)),황정순(산호의 장모),박암(김교수(산호의 친구)),김동원(한회장(혜영의 남편)),이충범(혜영의 오빠),김도령(영규(윤여사의 아들)),유대영(용식(껌팔이)),김미리(유끼꼬(한회장집 하녀)),김신명(산호집 식모),송일근(권노인(껌팔이 왕초)),박정숙(간호원)",19700101,91,"속편,시리즈,친모,모정,모성애,신파,비련의여인,컬러시네마스코프","어른들의 대화에서 엄마를 욕하는 말을 듣고 집을 뛰쳐나간 영신이 교통사고로 입원하자, 일본으로 떠난 혜영이 급히 귀국한다. 혜영이 의식불명인 영신을 극진히 간호하자, 영신은 기적적으로 완쾌한다. 영신의 애원으로 혜영과 산호가 재결합하게 되고, 윤여사는 실의에 빠진다. 아빠를 뺏긴 큰아들 영규는 혜영과 영신을 미워한 나머지 나무에서 돌을 던지다 떨어져 입원하게 된다. 이에 혜영은 영신을 데리고 자취를 감춘다."
백발백중,"코메디,멜로/로맨스",대한민국,1966,동양영화흥업주식회사,이형표,"신성일(신대식),고은아(고미숙),남정임(김수미),남기숙(이채리),전양자(윤진희),방수일(한유민),트위스트 김(김찬규),김정철(강기욱),김희갑(김사장),김순철(정동선),장훈(동선 부),이예성(민원재),지방열(수미 부)",19661020,null,"로맨틱코미디,청춘남녀,자취방,말괄량이,흑백시네마스코프","실연의 고배를 마신 미숙(고은아)과 세 처녀 수미(남정임), 채리(남기숙), 진희(전양자)가 한 집에 기거하며 자취를 한다. 그들은 모두 직장인인 말괄량이들이다 미숙을 제외한 그들은 퇴근 후 데이트하느라 바쁘고, 자연히 식사당번은 늘 미숙이가 떠맡게 된다. 그러던 미숙이가 제일 먼저 결혼을 하게 되어 다른 처녀들을 놀라게 한다. 그동안 그녀는 모 회사의 총각전무(방수일)와 교제해왔던 것이다."
양귀비,"시대극/사극,전기",대한민국,1962,동방영화사,최훈,"최무룡(이태백),김지미(양귀비),김승호(현종),이예춘(안록산),김희갑(고력사),장동휘(양국충),김동원(이림보),황정순(연춘군주),한미나(한국부인),박노식(가서한),김석훈(진현례),최남현(이귀년),김칠성(고상),유춘(승지도감),서월영(충문),김만(곽자의),임해림(두령),백송(장교),노경희(호국부인),이빈화(진국부인),강미애(홍도),이민(신소의),주선태(엄장),최성호(왕사예),양훈(길온),장혁(왕공),박세룡(장교),강성양(장교),경윤수(대신, 장군들),조항(이원의 악사들),남춘역(상민),임운학(사신),함국절(궁녀),송범,주리 무용단,미팔군실바스타쇼단",19620204,null,"라이벌,절세미인,요부,중국역사,역사물,역사바탕,역사 속 인물,흑백시네마스코프",당의 신하 안록산(이예춘)은 현종(김승호)의 총애를 한 몸에 받고 있는 천하일색 양귀비(김지미)를 탐해 반란을 일으킨다. 양귀비를 차지한 그는 그녀의 치마폭에서 헤어날 줄을 모른다. 왕좌에서 쫓겨났던 현종은 때를 놓치지 않고 군사를 일으켜 안록산을 몰아낸 다음 양귀비와 안록산을 생포해 국사를 어지럽힌 죄로 처형시킨다.
모성애,"멜로/로맨스,가족",대한민국,1962,대영영화제작사,양인은,"전옥(이여사),김혜정(김영희),남양일(영구),안성기(영일),장훈(구성복),이예춘(윤도식),전영선(경애),유춘수(인호),김영옥(인숙),석운아(김준덕),방수일(신기사),석금성(경애할머니),남춘역(정옥아범),김희갑(상장수),윤정란(송순이),신소영(간호원),지방열(안과의사),문미봉(박선생),노근호(명진),라정옥(하숙주인),김수천(음악선생)",19620715,null,"모성,계모,효도,효심,흑백스탠다드","계모로 들어온 이여사는 남편이 죽은 뒤, 전처 자식을 데리고 화목하게 살아간다. 자식들도 그녀가 계모라는 사실을 알지 못한다. 그러나 자식들이 장성함에 따라 호적 등본에 의하여 그녀가 계모라는 사실이 밝혀진다. 그녀가 계모라는 사실을 안 자식들은 더욱더 효성을 다한다. 또한 그녀 역시 자식들을 위하여 헌신한다."
새댁,"멜로/로맨스,가족",대한민국,1962,연아영화주식회사,이봉래,"도금봉(섭섭이),이대엽(효식),김희갑(할아버지),황정순(이씨),최남현(김동기),이빈화(큰댁),방성자(작은댁),엄앵란(자경),박암(대식),이수련(충식),주증녀(섭섭이 모),주선태(섭섭이 부),석금성(자호 모),양석천(윤병태),전계현(안순),박노식(박민규),유계선(김씨),문일봉(자호),김삼화(오수정),신소영(미쓰리),고향미(수정 모),박순봉(복덕방 노인),최삼(의사),고봉덕(놈팽이)",19621225,124,"대가족,가족드라마,라디오드라마원작,라디오연속극원작,서울중앙방송국(HLKA),흑백시네마스코프","할아버지에서 손자에 이르기까지 3대 가족이 한 지붕 밑에 살고 있는 서울의 한 가정에 순박한 시골 처녀 섭섭이(도금봉)가 시집온다. 조부자 3대를 합쳐서 이 집엔 네 쌍의 부부와 할아버지(김희갑), 젊은 시누이(엄앵란)와 식모(전계현), 이렇게 열한 식구가 살고 있어 매일같이 작은 사건들이 벌어진다."
골든 에이지,"시대극/사극,드라마",영국,2007,Working Title Films,세자르 카푸르,"케이트 블란쳇,클라이브 오웬,제프리 러쉬,애비 코니쉬,사만다 모튼",20071122,114,null,"16세기 말, 신교도와 구교도의 대립으로 대륙간의 전쟁이 한창인 시대. 영국은 신교도인 여왕 엘리자베스 1세(케이트 블란쳇)가 통치하고 있다. 구교도가 주권을 잡은 스페인은 왕위 계승 서열 2위인 메리 스튜어트(사만사 모튼)를 이용해 영국을 점령하고자 엘리자베스의 암살음모를 계획한다.  
국가 간의 동맹을 목적으로 여왕의 구혼자들이 줄을 잇는 사이, 엘리자베스는 자유로운 탐험가 월터 라일리(클라이브 오웬) 경에게 빠져들지만 나라를 통치하는 '여왕'의 위치 때문에 애써 마음을 숨긴다. 라일리 경에 대한 마음은 점점 커져만 가고 여자로서의 삶과 여왕으로서의 권위에서 갈등하던 엘리자베스는 메리 스튜어트의 암살 음모를 발각하게 된다. 반역자로 사형에 처해진 메리 스튜어트의 죽음을 빌미로 스페인은 영국과의 거대 전쟁을 선포하는데…
한 여자로서의 인생에 사랑이라는 축복 대신 전쟁이라는 무거운 짐을 짊어진 그녀는 운명이 자신의 어깨 위에 얹어놓은 여왕의 자리를 인정하고 검을 손에 쥔다.
그리고 이제, 스페인 무적함대에 맞선 역사상 가장 위대한 전쟁을 시작한다.
"
언페이스풀,"드라마,스릴러","미국,독일,프랑스",2002,"Epsilon Motion Picture, Fox 2000 Picture, Regency Enterprises, Unfaithful Filmproducktion GmbH & Co. KG",아드리안 린,"리차드 기어,다이안 레인,올리비에 마르띠네즈,채드 로우,도미닉 치아니즈",20020822,123,"기차,리메이크,마약,살인,섹스,불륜,에로틱스릴러","일상을 뒤흔드는 치명적 유혹... 결혼 10년차 부부 에드워드 섬너와 코니 섬너. 8살 아들과 함께 뉴욕 교외에 살고 있는 이 부부는 무엇하나 부러울 것 없는 이상적이고 행복한 삶을 영위하고 있다. 그러던 어느날, 뉴욕 시내로 쇼핑을 나갔던 코니가 우연히 사고를 당하게 되고, 폴 마텔이라는 젊은 프랑스 남자가 치료를 자처한다. 처음에는 견제의 눈길을 감추지 못하던 코니도 어딘지 모를 폴의 신비스런 매력에 긴장을 풀게 된다. 다시 일상으로 돌아온 코니. 사랑하는 남편과 아들이 곁에 있지만 문득문득 떠오르는 폴의 웃음과 말투에 다시 한번 폴을 만나겠다는 결심을 하게 되고, 이렇게 폴과 코니는 위험스럽게 서로에게 탐닉하게 되는데..."
상하이 나이츠,"액션,코메디,어드벤처",미국,2003,"Spyglass Entertainment,Touchstone Pictures",데이비드 돕킨,"성룡,오웬 윌슨,견자단,에이단 길렌",20030214,114,"런던,시리즈,옥쇄,음모,쿵푸,속편","중국 자금성. 청의 황제가 살고 있는 이곳에 복면을 쓴 자객들이 숨어든다. 이들이 노리는 것은 황제의 옥쇄. 대대로 옥쇄를 지켜온 무사는 전광석화같은 권법으로 자객들에 맞서지만, 숫적 열세와 기습적인 총격을 버티지 못하고 장렬히 전사한다. 목숨이 끊어지기 직전, 무사는 검은 상자 하나를 딸에게 건네며 오빠 장웨인에게 이것을 전해달라고 유언을 남긴다. 장웨인 그는 누구인가? <상하이 눈>에서 사라진 청나라의 공주를 찾아 무작정 미국 서부로 떠났던 황실 근위병, 그곳에서 우여곡절끝에 보안관 자리에까지 올라 유유히 서부생활을 즐기는 쿵후의 달인이 바로 장웨인이다. 아버지의 부음을 접한 웨인은 곧 서부 생활을 정리하고, 전편에서 함께 활약을 펼쳤던 로이와 함께 아버지의 원수를 갚으러 런던으로 떠난다. 런던에는 그의 여동생 린이 한발 앞서 와있었다. 린의 말에 따르면 아버지를 죽인 자는 영국 황족인 라쓰본. 왕위 계승 서열 10번째인 라쓰본은 자신이 왕위에 오르려는 역심을 품고, 빅토리아 여왕을 포함하여 자기보다 윗 서열에 있는 황족들을 없애버릴 계획을 세우고 있었다. 이를 위해 손을 잡은 사람이 바로 자금성에서 쫓겨난 왕자 입. 역시 청 황제의 자리를 노리는 입은 9명의 황족을 살해해주는 대가로 자신의 손에 청나라 옥쇄를 쥐어달라는 조건을 걸었던 것이다."
그 해 여름,"멜로드라마,드라마",대한민국,2006,KM컬쳐,조근식,"이병헌(윤석영),수애(서정인),오달수(남균수),이세은(이수진),정석용(김만덕),이혜은(엘레나),나기수(석영부),박남희(분교교장),박채익(문우회회원),김도균(문우회회원),문영욱(문우회회원),안상윤(문우회회원),김준호(문우회회원),조민우(문우회회원),김래혁(문우회회원),송일용(문우회회원),박왕석(문우회회원),김정하(수내리아줌마),임지수(수내리아줌마),김은영(수내리아줌마),최지연(수내리아줌마),김경희(수내리아줌마),권형국(수내리아저씨),이형권(수내리아저씨),오길주(수내리아저씨),양재봉(수내리할아버지),김하늘(수리내소녀),박찬국(형사2),이두경(형사3),김상오(한전사내),강진구(한전직원),도영희(구멍가게할머니),송정우(피디),강성숙(방송국작가1),손현아(방송국작가2),이승열(방송국FD),송지영(키스녀),김영배(장기노인),배상돈(윤교수주치의),홍진욱(라디오드라마목소리출연(남)),서지연(라디오드라마목소리출연(여)),유해진(특별출연),최덕문(우정출연),김중기(우정출연),조경철(우정출연)",20061130,121,"교수,방송작가,첫사랑,농촌봉사활동,대학교수,대학시절,1960년대,대학생,시골소녀,도서관사서,사랑과이별","모두가 동경하는 '윤석영' 교수(이병헌 分)의 첫사랑 '서정인'(수애 分)을 찾아 나선 TV교양프로그램의 덜렁이 작가 수진(이세은 分). 낭만이라고는 약에 쓸래도 없는 앙숙 김PD(유해진 分)와 취재길에 나선다. 윤석영 교수가 대학시절 농촌봉사활동을 위해 내려왔다는 시골마을 수내리. 그들은 정인의 행방을 찾지만 그 이름을 듣는 사람들의 얼굴이 예사롭지 않다. 취재가 깊어지면서 그들은 '서정인'의 절친한 사이였던 '엘레나'(이혜은 分)와 당시 윤교수와 함께 농활을 내려왔던 '남균수'(오달수 分)교수를 만나게 된다. 그리고 상상조차 하지 못한 아련한 사랑의 이야기를 듣게 되는데...

 1969년 여름, 서울에서 농촌봉사활동을 내려 온 대학생들. 풋풋하고 싱그러운 그 젊음 속에 가장 빛나는 얼굴 '석영'이 있다. 아버지를 피해 마지못해 도망치듯 내려온 농활이라 그는 번번이 농땡이고 매사 시큰둥이다. 그러나 그의 마음을 첫 눈에 사로잡은 그녀 '정인'. 가족도 없이 외롭게 살아가지만, 씩씩하고 순수한 시골 도서관 사서 '정인'에게 '석영'은 점점 끌리게 되고, '정인' 역시 그에게 빠져든다. 그러나 두 사람이 마음이 깊어갈수록, 계절은 흘러가고 농활의 끝은 다가오는데... 하지만 그들의 이별은 전혀 예상 못한 곳에서 오고 있었다..."
신데렐라 스토리,"코메디,하이틴(고교),가족",,2004,null,마크 로스만,"힐러리 더프,제니퍼 쿨리지",20041022,95,"로맨스, 야구, 학교, 할로윈","유리구두가 휴대폰으로, 호박 마차가 컨버터블로, 그리고 머나먼 왕국이 LA교외로.. 그렇다면? 현대판 신데렐라의 유쾌한 이야기! 악질 계모와 의붓자매들로부터 괄대를 받는 샘은 식당 바닥을 닦는 등 온갖 궂은 일을 다한다. 그리고 그녀는 '와자를 만나기에 더할 나위 없이 좋은' 프린스턴에 가는 꿈을 꾼다. 하지만 어쩌면 샘은 벌써 '왕자'를 찾았는지도 모른다. 그녀에게는 이메일로 우정을 쌓아온 친구가 있는데 그는 할로윈 댄스파티에서 그녀와의 첫 만남을 준비한다. 친구의 정체를 알게 된 샘. 그녀는 그가 캠퍼스 최고 인기남이라는 사실에 당황한다. 과연 그는 샘을 사랑할 수 있을까? 과연 동화 속 이야기가 현실에서도 이루어질 수 있을까?"
들쥐,"액션,멜로드라마,활극",대한민국,1927,조선키네마프로덕션,나운규,"신일선,주삼손,윤봉춘,나운규,김보신",19270414,null,"로맨스, 악덕부호, 백년해로, 무성영화",젊은 청춘남녀는 백년해로를 같이하기로 굳게 맹세를 한다. 그러나 악덕부호의 폭력과 금력으로 남자는 연인을 빼앗긴다. 이윽고 악덕 부호가 강제결혼식을 올린다. 이때 들쥐라고 불리우는 정의의 청년 이 결혼식장에 나타나 폭력배들을 한주먹에 물리쳐 버리고 신부를 다시 찾아 연인을 잃어버린 청년에게 돌려보낸다.
노웨이 런,"드라마,범죄,스릴러",미국,1997,"North by Northwest Entertainment, Shoreline Entertainment, Two Sticks Productions",조이 트라볼타,"제프 파헤이,제임스 루소,마이클 매드슨,게리 부시,팀 토머슨,로버트 미아노,다넬 윌리암스,스테이시 랜달,에반 레이첼 우드,로키 램버트,폴 샘슨,바바 지오바니,켄 롬바드,에디 에벨,도일 맥커리,잭 배논,조쉬 울프,빌 로져,엘렌 트라볼타,데이빗 스네디커,잭 스노우,섀나 라우메이스터,알리슨 렛슨,데이빗 E. 온스턴,스콧 카,케이시 맥도널드",19981114,94,"음모, 목장, 퍼레이드",대니는 친구들과 함께 범죄조직의 금고를 터는데 범죄조직의 두목인 그라소가 미리 정보를 입수하고 총격전을 벌이는 바람에 겨우 목숨을 건진다. 하지만 훔쳐온 금고 속의 돈은 종이뭉치에 불과했다. 그라소 조직의 일원인 모사꾼 모가 이미 슬쩍해버린 후였던 것. 그라소에게 쫓겨 고향에 돌아간 대니는 자신이 도착하기 이틀 전 돌아가신 어머니의 유언장을 보게 된다. 유언장에는 목장의 반을 대니에게 물려주는 대신 고향에서 2년을 살아야 한다는 것이다.
로드 투 웰빌,코메디,영국,1994,"Beacon Communications LLC, Columbia Pictures Corporation, Dirty Hands Productions, Per-Fo Pictures",알란 파커,"안소니 홉킨스,브리짓트 폰다,매튜 브로데릭,존 쿠삭,다나 카비,라라 플린 보일",19980418,121,"소설원작, 요양원, 발명가","윌과 엘리노어 부부는 갓 태어난 첫 아이로 심한 갈등을 일으키고, 급기야 정상적인 성생활을 못하는 지경에 이른다. 때마침 미국 중부의 배틀 크릭이란 지역에 아침 식사 콘플레이크를 발명한 켈로그 박사의 건강회복법이 신드롬을 일으키고 있다. 부부는 켈로그 박사가 설립한 '건강의 사원'이라는 요양원을 찾아간다. 요양원은 내장기관이 인간의 모든 질병과 건강의 근원이라는 켈로그 박사의 학설하에 철저한 곡물식 위주의 식단, 관장을 통한 장세척, 전류 유동 목욕, 금욕생활 등을 기초로 한 건강 프로그램이 시행되고 있다."
풍운,"액션,어드벤처,무협,판타지",홍콩,1998,"B.O.B. and Partners Ltd. Co, Centros Digital Pictures, Golden Harvest Company Ltd.",유위강,"곽부성,정이건,소니 치바,우영광",19981225,127,"강호,만화원작,시리즈","무림을 제패하고자 하는 천하회의 웅패는 점쟁이 토불을 찾아가 자신의 운명을 점친다. '인생의 전반부에 풍과 운을 만나면 용이 된다'는 토불의 예언에 웅패는 풍과 운이라 불리는 아이를 찾아내 자신의 제자로 삼는다. 천하제일의 검을 얻으려는 웅패에 의해 일가를 잃은 운은 웅패의 문하에 들어가 복수의 기회를 노린다. 풍은 자신의 어머니가 웅패로 인해 자살을 하고 아버지마저 웅패와의 결투에서 죽음을 당했다는 사실을 모른 채 웅패를 은인이자 사부로 섬기며 그의 손에서 자란다. 10년 후, 풍과 운은 각각 다른 무예를 전수해 천하회를 대표하는 고수로 성장하고, 천하회는 세력이 점점 커져 웅패에게 대적할 만한 자는 강호를 떠난 검성밖에 없게 된다."
병태와 영자(속),"드라마,청춘영화,사회물(경향)",대한민국,1980,화천공사,이강윤,"하재영,이영옥,김추련,손창호,김형자,이승현,이일웅,한은진,전숙,이향,이예성,나갑성,최석,양성원,김우빈,양승일,김지영,차이선,정지희,추봉,박종설,박일규",19801119,104,"속편,술상무,시리즈,신혼,현실과이상,자립,자존심,영자와병태,과음,새벽거리,취직,동창회",병태와 영자가 부부가 되어 어머니로부터 자립할 것을 명령받고 냉혹한 현실의 문턱에 서게 된다. 병태는 포장마차 집을 빌려 그 나름대로의 생활철학을 터득하려 한다. 그러나 회의를 느끼게 되고 학창시절에 품었던 이상과 꿈을 구현시키지 못함을 탄식하기도 한다. 병태는 와신상담 끝에 재벌회사에 취직이 되어 희망에 부푼다. 영자도 모처럼 동창회에 참석했다가 친구들과의 자존심 때문에 남편이 최연소 상무에 승진했다고 거짓말을 한다. 영자의 생일날 병태가 늦게 오는 일로 싸우기도 하나 병태가 업자들과의 상담 술좌석에서 상무의 술을 대신 마셔야 하는 술상무가 되어 고역을 치루는 것을 알고 슬픔을 느낀다. 병태는 계속되는 과음으로 인한 생활과 양심과 현실 사이에서 맛보는 비애에 절망을 느끼기도 하나 새벽길의 조기회 회원들의 생기발랄한 조깅 광경에 새로운 욕구가 일어남을 느낀다.
여로,"멜로드라마,가족",대한민국,1986,㈜현진,김주희,"김경란,유명순,권일정,김용학,길달호,최재호,손전,박윤배,김민순,배광현(아역),이성웅,한인수,최길호,여운계,김문희,심형래",19861127,110,"궁핍,리메이크,빈곤,소박,시집살이,장애인,정신지체장애,지체부자유자,가난한여자,여자가장,중매,상속다툼,시누이,부산,고향","홀어머니와 어린 동생들을 데리고 끼니조차 걱정해야 하는 분이가 가세를 도우려고 술집으로 팔려가 첫날 달중을 만나 달중의 중매로 시골 부자인 최 주사댁 며느리로 들어간다. 정신미약자인 남편 영구를 눈물로 감싸고 시부모, 시누이를 지성껏 모시고 하녀 같은 생활을 하며 귀한 집안에 아들을 낳는다. 계모인 시모와 시누이는 가계 상속관계로 달중을 끌어들여 중상모략 하여 분이는 소박맞고 쫓겨난다. 시누이 남편이 집문서를 갖고 도망가 가세가 기운 최 주사는 부산에서 고생하고 분이는 식당을 전전하다 식당주가 되어 불우한 애들을 도우며 살아간다. 그 후 구두닦이를 하던 영구를 부산에서 만나게 되고 계모와 시누이의 뉘우침과 아울러 분이의 재산으로 옛집도 찾고 함께 고향으로 돌아가 행복하게 산다."
구미호,"공포(호러),SF,판타지",대한민국,1994,신씨네,박헌수,"고소영(하라),정우성(혁),독고영재(저승사자),방은희(민이),이기영,이근희,서기웅,권해효,안석환,소일섭,권호웅,민경진,원근희,권태원,엄춘배,이봉규,지춘성,정인기,김필국,박길수,강남기,홍석연,이재록,이석연,최영래,김민수,신재명,양정웅,이운석",19940723,115,"저승사자,여우,무당,전설,데뷰작",반인간 반여우인 구미호가 완전한 인간이 되기 위한 도구로 선택했던 남자를 진정으로 사랑하게 되나 애석하게도 인간이 되지 못한다는 슬픈 사랑이야기다.
언픽스,"액션,드라마,합작(번안물)",대한민국,1996,정명영화㈜,"두기봉,최정일,양백견","한재석(보디가드 최),오천련(킬러 형),유청운(킬러 랑),김연주(최의 약혼녀),김기주(약혼녀의 아버지),송금식(보스1),서억석(보스2),박세범(보스3),전헌태(보스4),황사리(매)",19960921,86,"살인청부업자,국수가게",아설은 완벽한 솜씨를 자랑하는 홍콩의 전문 살인청부업자다. 자신의 과거와 자라난 환경에 대해서 잘 알지 못하며 언니 매의 주선으로 청부일을 하고 있는 그녀는 항상 일을 마친 후엔 덕랑의 국수 가게에 들러 국수 한 그릇을 먹고 간다. 설은 점점 자신의 일에 회의를 느끼고 그럴 때마다 자신도 모르게 랑의 식당을 찾고 조준경을 통해 랑을 관찰하곤 하다. 랑은 자신의 가게에서 늘 말없이 국수를 먹고 가는 설에게 연정을 느끼나 쉽게 말을 붙이지 못한다. 한국 암흑가의 보스 박대현을 암살하는 임무를 맡은 설은 완벽하게 임무를 마치고 돌아온다. 항상 자신이 최고임을 자부하던 박의 보디가드 최일정은 복수심에 불타 있던중 약혼녀인 옥소의 아버지 김광주와 다른 조직의 보스들이 이사건에 연루된 것을 알게 된다. 옥소의 만류에도 불구하고 김광주를 죽이고 다른 보스들을 처치한 후 단신으로 홍콩에 잠입한 최는 설의 정체를 파악하고 반드시 그녀를 처단하리라 다짐한다.
럭키 브레이크,코메디,오스트레일리아,1995,"Australian Film Finance Corporation,Generation Films,Lewin Films,Pandora Cinema",벤 루윈,"지아 카리데스,안소니 라파글리아,레베카 기브니,마샬 나피어,로빈 네빈,자섹 코먼,시오반 터크,루이스 피안더,메리 안느 파헤이,마이클 에드워드-스티븐스,스테디 에디,마이컬 바이치",19971206,90,"로맨스, 장애, 섬, 호텔, 형사, 다이아몬드","에로틱한 로맨스 소설을 주로 쓰는 소피는 어느 날 도서관에서 에디라는 남자의 데이트 신청을 받게 된다. 보석상 딜러인 에디는 이미 약혼녀가 있지만 에로틱한 구절들을 거침없이 읊조리는 소피에 반한 것. 어릴 적 소아마비를 앓아 목발에 의지해 걷는 소피는 에디의 청을 거절한다. 하지만 소피 역시 에디에게 끌리는 마음 때문에 그가 일하는 쇼핑센터에 들렸다가, 에디와 약혼녀 일행을 피하려다 다리가 부러지는 사고를 당해 기브스를 하게 된다. 소피는 원래 불구가 아니라 스키 사고로 다쳤다고 속이고 에디와 밀월여행을 떠나지만 결국 소피가 불구라는 사실이 드러나면서 세 사람은 묘한 애정의 기류에 휘말린다."
블랙 워터 트레일,"액션,스릴러",오스트레일리아,1996,"Portman Productions, Rutherford Films Holdings",이안 배리,"주드 넬슨,디 스마트,마크 리,피터 펠프스,로웨나 월래스,가브리엘 핏츠패트릭,브랫 클리모,다니엘 로버츠,장-마크 러스,일레인 마스키엘,워윅 영,피터 켄트",19970322,98,"장례식, 실종, 강간, 추적",매트 캐런은 어린시절 친구 앤디 그린이 자살했다는 소식을 듣고 10년 만에 고향 미첼톤 마을을 찾아온다. 10년 전 뉴욕으로 건너가 책을 출판해 유명한 작가가 된 매트는 친구 앤디의 장례식에 모습을 나타내고 거기서 옛 애인 캐시와 낯선 고향사람들을 만난다. 그러나 고향사람들은 그를 냉랭하게 대하는데 앤디의 동생이며 그의 애인이었던 캐시는 오빠의 죽음에 의문을 품는다.
어거스트 킹,드라마,미국,1996,"Addis Wechsler Pictures, Miramax Films",존 두이간,"제이슨 패트릭,탠디 뉴튼,래리 드레이크,샘 워터스론,세러-제인 와일드,에릭 마비우스,뮤즈 왓슨,존 도먼,앤디 스탈,대니 넬슨,딘 라더-듀발,빌리 래이 레이놀즈,말러스 할딩",19970712,92,"소설원작, 역사, 노예","1800년대 초 노스캐롤라이나 지방, 한 마을에서 두 명의 노예가 도망을 친다. 그 마을에서 제일 부자인 올래프의 남자노예인 심스와 여자노예 아날리스가 그들이다. 올래프는 엄청난 현상금을 걸고 두 노예를 찾아나선다. 한편, 그림을 잘 그리던 아내가 죽어 방황하고 있던 어거스트 킹은 어느 날 장터에 가서 소와 오리와 돼지를 사가지고 오던 길에 도주중인 아날리스를 만난다. 필사적으로 도망을 치던 아날리스는 그에게 도움을 요청한다. 그녀에게 인간적인 면을 느낀 어거스트는 그녀를 현상금 사냥꾼들로부터 보호해주기로 한다."
컨스피러시,"드라마,미스터리,스릴러",미국,1997,"Donner/Schuler-Donner Productions, Silver Pictures, Warner Bros.",리차드 도너,"멜 깁슨,줄리아 로버츠,패트릭 스튜어트,실크 코자트,스티브 카핸,테리 알렉산더,알렉스 맥아더,로드 맥라클란,마이컬 파츠,짐 스털링,리치 헤버트,브라이언 J. 윌리암스,조지 아길라,시스 니버 라바오,색슨 트레이너",19970906,135,"음모, 로맨스, FBI, CIA, 정치, 추적, 뉴욕, 음모이론",제리 플레처는 기억할 수 없는 과거의 공포에 휩싸여 살고 있다. 그는 뉴욕시의 영업용 택시운전사로 근무시간의 대부분을 승객들에게 자신의 생각을 들려주는 재미로 소일한다. 문제는 그가 들려주는 얘기들은 여러 가지 엄청난 음모에 관한 것들인데 이들 음모는 단지 그의 가설에 입각한 스토리일 뿐이다. 식수에 섞여 있다고 믿는 비금속원소 플루오르나 현행 국제금융정책등의 비밀에 관해 플레처는 남다른 견해를 갖고 있다. 그는 이들 정보와 비밀이 누군가에 의해 통제받고 있고 그 누군가의 거대하고 위협적인 음모의 희생양이 바로 우리들 자신이란 주장을 갖고 있다.
닉 앤 제인,코메디,미국,1997,"Cobalt Films, Esmeraldo, Mauro Entertainment, Miravista",리차드 모로,"다나 윌러 니콜슨,제임스 맥카프리,존 도셋,리사 게이 해밀턴,데이빗 요한슨,게드 와타나베,클린턴 리웁,다이앤 브릴,산드라 산티아고,조지 코,시오브핸 폴론",19971015,92,"로맨스, 택시기사, 뉴욕","오랫동안 가난한 예술가의 삶을 살아온 닉은 생활고에 지쳐 동기도 창의성도 잃어버리고 택시운전으로 연명한다. 반면 제인은 완벽한 애인에, 좋은 집, 유망한 직장의 능력 있는 전문직 여성이다. 어느 날 제인은 애인 존과 자신의 직장 동료인 스테파니와의 정사장면을 목격하고 충격을 받는다. 친구 비키와 기분 전환 겸 친구의 클럽에 갔던 제인은 그곳에서 또 존과 스테파니를 마주치자 비키의 즉흥적인 계획에 따라 존의 질투를 유발하기 위해 닉과 자신을 오랜 애인 사이라고 속인다."
목숨을 걸고,"액션,활극",대한민국,1962,연아영화공사,권영순,"최무룡(김윤호),도금봉(주은미),허장강(허기사),서애자(박명희),김동원(박소장),주선태(주사장),장동휘(장철이),손춘성(왕용팔),윤왕국(홍노인),독고성(작업원),남방운(작업원),이해룡(작업원),백송(작업원),지용남(작업원),하룡(작업원),박남규(박동수)",19620825,100,"통속,탄광촌,광산촌,형의복수,흑백스탠다드",광산지대에서 의문의 죽음을 당한 형의 사인을 규명하기 위하여 김윤호는 홀홀단신 집을 나선다. 그리하여 그는 많은 위기를 극복하면서 끝내는 형의 죽음의 원인이 광권 쟁탈에 있었음을 규명하고 형을 죽인 악당들에게 복수함으로써 그들의 행패로부터 수많은 광부들을 해방시킨다.
검은 머리,"액션,갱스터,느와르",대한민국,1964,한국영화주식회사,이만희,"문정숙(연실),장동휘(동일),이대엽(대일(택시 운전수)),김운하(운일),채랑(채일),정애란(유모),강문(강문),최성호(최승일),장혁(장일),독고성(독일),추석양(추일),유춘수(유일),이해룡(해일),조석근(조일),김웅(웅일),김월성(취객),최성(최일),김기범(청년),김세라(아편주인),이예민(예일),임선자(포주),한유정(한유정),김경란(공주),조정자(공주),양일민(양일),최삼,지용남,박일,박병기(청년),이길수,박민호,조혜경,신소영,김미애",19640731,105,"조직폭력,뒷골목,폭력/깡패,보스의여자,암흑가의보스,흉터,밀수조직,밀수단,밤거리,삼각관계,흑백시네마스코프","‘검은 머리’라 불리는 회장(장동휘)의 갱단이 돈을 받아내기 위해 밀수업자 일당과 접촉한다. 한편 부인 연실(문정숙)이 아편쟁이(채랑)에게 겁탈당하는 사진이 회장에게 보내진다. 조직원들은 간통했다며 조직의 계율대로 그녀의 얼굴에 상처를 입히고, 아편쟁이와 같이 살게 된 연실은 몸을 팔아 생활한다. 거리에서 손님을 찾던 연실은 택시 운전수(이대엽)을 만나 그의 집에 머물게 된다. 얼굴의 흉터를 알게 된 그는 차주가 되면 성형시켜주겠다고 말한다. 연실은 회장을 만나려고 갱단이 운영하는 바를 찾아가지만, 조직원들은 회장 몰래 그녀를 죽이기 위해 철길로 데려간다. 그러나 뒤쫓아 온 운전수가 그녀를 구해 자신의 집으로 데려간다. 한편 아편쟁이는 연실을 찾기 위해 운전수의 여동생과 친한 패거리를 풀어 정형외과마다 지키게 한다. 얼굴을 고친 연실은 운전수의 집으로 돌아온다. 그녀가 저녁식사를 준비하는 동안 뒤를 밟은 아편쟁이가 들어와 운전수의 돈을 빼앗아간다. 회장은 연실을 다시 만나 산장으로 가는 길에 아편쟁이를 불에 태워 죽인다. 둘은 산장에서 하룻밤을 보내고, 회장은 계율을 어겼다며 자신을 처형하라고 조직원들에게 말한다. 공사장의 처형식에서 회장은 살아 돌아온 아편쟁이의 칼에 맞아 죽는다. 연실이 찾아와 회장의 마지막을 지켜준다."
목숨보다 더한 것,멜로/로맨스,대한민국,1964,대한연합영화주식회사,강대진,"태현실(전경희),신영균(한상국),김승호(한사장),도금봉(현경),황해(이성철),황정순(침모),황해남(영식),서영춘(구과장),김웅(의사),임해림(이형사),이영,최창호(감독),박민호(청년),황도석(적공),김옥경,박미영(혜숙),김수연(마담),정현미(소녀),김봉경,김만옥(청년),지성훈,오태근(직원)",19641121,null,"독살,재벌아들,부잣집아들,여비서,계모,살인범,살인죄,법정,흑백시네마스코프","갑부의 아들인 상국은 그는 계모 현경의 독살을 모면하고 휴양차 별장에 머물고 있는데, 그 동안에 계모는 살인미수죄로 복역을 마치고 출감한다. 한편 여비서 경희와 사랑에 빠진 그는 많은 것을 깨닫고, 자립을 위해 공사장에 나가서 막노동을 하는데, 계모가 아버지를 독살하자 이에 분개한 그는 계모를 살해하고 법정에 선다."
원죄,멜로/로맨스,대한민국,1967,주식회사 극동필림,김기덕,"오영일(노영일),문희(윤나미),김진규(윤목사(나미 부)),이낙훈(한동석),주연(김용란),김신재(허여사),전양자(노혜숙),최장호(걸인)",19670324,110,"일본소설원작,청춘영화,남편의외도,순정,기독교,여성편력,사랑의상처,통속물,흑백시네마스코프",나미는 독실한 기독교 신자였지만 그녀의 남편 영일은 호색한이어서 그녀의 친구와도 불륜의 관계를 맺는다. 그녀는 남편이 잘못을 뉘우치고 돌아오기를 매일 매일 기도한다. 드디어 영일이 자신의 잘못을 깨닫고 집으로 돌아오지만 그는 곧 비명에 죽고 만다.
장렬 509 대전차대,"액션,전쟁","대한민국,홍콩",1967,"제일영화주식회사,홍콩자유영업공사(香港自由影業公司)",김동학,"신영균,양훈,트위스트 김,조항,최성,정형,신성호,장영재,문주란",19670507,100,"합작영화,한홍합작영화,한국홍콩합작영화,6.25,625,한국전쟁,컬러시네마스코프,감독데뷔작,간호장교",6.25 전란중 신중위가 이끄는 509 전차부대의 활약상을 그린 것으로 그들 전차부대는 비오듯 쏟아지는 적의 폭탄을 무릅쓰고 난공불락을 자랑하던 적의 도치카를 완전 파괴하여 불리했던 아군의 전세를 유리하게 역전시킴으로써 마침내는 아군의 승리를 가져오게 한다.
가슴 아프게,멜로/로맨스,대한민국,1967,제일영화주식회사,박상호,"남진(남성진(인기가수)),남정임(서경아(재일교포)),이빈화(홍수미),주증녀(성진 모),전양자(혜란),어윤길(박도만),정민(성진 부),최병철(세웅),장은경(미경),차미영(승혜),한유정(매리),김만식(기석),권오상(기자)",19671020,null,"통속,대중가요,재일교포,음악가,가수,흑백시네마스코프","하몬드 오르간 연주자인 재일교포 경아는 고국 방문 공연차 내한한다. 경아는 이번 방문에서 한국전쟁 이후 소식이 없는 아버지를 찾고 싶어 한다. 그녀는 자신이 묵고 있는 타워호텔에서 우연히 남성진이란 스물두 살의 대학생을 만난다. 호텔 오락실과 지하의 바 칸파타, 워커힐 수영장, 남산 등을 오가며 이들은 사랑을 나누게 된다. 그러면서도 경아는 자신의 이름조차 알리지 않는다. 경아의 매니저이자 이모인 홍수미는 그녀가 성진과 만나는 것을 달갑지 않게 여기고, 전화도 바꿔주지 않는다. 경아를 몹시 사랑하게 된 성진은 그녀에 대해 궁금해 하던 중, 길에서 우연히 경아의 포스터를 보게 되고 그녀가 오르간 연주자임을 알게 된다. 성진은 사업을 물려받기를 원하는 아버지의 뜻과는 달리 가수가 꿈이다. 성진의 노래 실력을 알게 된 경아는 자신의 한국 내 후견인 박도만에게 레코드 회사를 주선해달라고 부탁한다. 경아의 도움으로 성진은 '가슴 아프게' 를 취입하고 인기가수가 된다. 경아는 자신의 아버지가 3년 전에 이미 세상을 떠났음을 알게 되고 슬퍼하지만, 그녀의 공연은 대성공을 거둔다. 그러나 이제는 경아가 한국을 떠나야 할 시점. 경아는 성진과 뜨거운 하룻밤을 보낸 뒤 정말 사랑했노라는 편지를 남기고 한국을 떠난다. 성진은 급히 기차를 타고 부산을 향하지만 연락선은 이미 부두를 벗어나고 있다. 성진은 애타게 경아의 이름을 외치고, 경아는 부두를 바라보며 성진의 '가슴 아프게'를 들으며 눈물짓는다. (시나리오)"
낮과 밤,"멜로/로맨스,활극,액션","대한민국,홍콩",1968,"합동영화주식회사,쇼브라더스(Shaw Brothers)",전우열,"신영균(박영걸),남정임(난옥),허장강(최사장),권오상,윤일주,유하나,휴안 인,방영(미령),적낙,왕협(주민),장혁,이철,최성호,최무웅",19680706,95,"통속,합작영화,한홍합작영화,한국홍콩합작영화,컬러시네마스코프,보석강도",홍콩에서 도난당한 다이아몬드를 추적하여 서울에 잠입한 홍콩 악당과 과거에는 그 악당의 일원이었지만 지금은 관계를 끊고 서울에 와서 캬바레를 경영하는 한국청년 영걸(신영균)과 그가 홍콩에서 데려와 키우다시피한 누이동생 미령(방영)을 둘러싸고 일어나는 물욕과 애정의 갈등을 그린 활극통속물.
사모아의 연풍,멜로드라마,대한민국,1968,삼화영화사,배석인,"이대엽,최인숙,리리 김",19680725,null,null,"사모아에 출어중인 영호는 펜팔을 통해 고국의 아가씨를 사귄다. 그녀의 아버지도 원양어선의 선원이었기 때문에 그 무덤이 사모아에 있었다. 그녀는 아버지 무덤이 있는 사모아에 한번 가보는 것이 일생의 소원이었고,그 사실을 안 사모아의 영호 친구들은 서로 가난한 주머니를 털어 그녀를 초청한다. 사모아에 간 그녀는 현지에서 선원들의 뒷바라지를 하는 동안 영호와 사랑을 맺고 귀국선에 오른다."
부각하(젊은이의 태양),"코메디,멜로드라마",대한민국,1969,대양영화주식회사,최인현,"신성일,남정임,최남현,한은진,허장강,도금봉,이대엽,김희준,장훈,최삼,김움,조덕성,지방열,임해림,윤일주,박광진,나일,임성포,황인철,주일몽,이예성,박병기,임동훈,권오상",19690530,89,"재벌2세,재벌,신분위장","관동재벌의 후계자인 윤인수(신성일)가 20여 년만에 미국에서 귀국한다. 관동재벌 계열사 사장들은 윤한민 회장(최남현)에게 잘 보이기 위해 인수를 ""부각하""라 부르며 공항으로 마중 나가서는 엉뚱한 사람을 모셔오는 소동을 벌인다. 한편 인수는 공항에서 빠져나와 아버지인 윤회장을 만나고, 사업을 물려받기 전에 1년 동안만 신분을 감추고 노동을 하면서 고국의 실정을 익히겠다고 한다. 거리로 나와 일자리를 찾던 인수는 우연히 오영아(남정임)란 아가씨를 알게 되고 호감을 갖는다. 하지만 영아는 속마음을 드러내지 않은 채 번번이 인수를 골탕먹일 뿐이다. 인수는 마침내 관동건설의 일용노동자로 일하게 되는데, 서툰 노동이지만 곁에서 늘 도와주는 서노인의 배려 덕에 그런대로 즐겁게 지낸다. 인수가 단골로 다니는 식당의 여주인 순천댁(도금봉)은 귀티가 나고 뭔가 달라 보이는 인수에게 다른 맘을 먹고 애를 태운다. 한편 관동재벌의 계열사인 관동제약 사장 허동근(허장강)에게 사기꾼(이대엽)이 접근하여 자신이 윤인수라고 속이고 극진한 대접을 받는다. 허사장은 가짜 인수와 자신의 딸 미숙(김희준)을 결혼시키려는 작전을 세우고 실행에 들어간다. 한편 관동건설 공사장에서는 서노인이 낙상하여 죽는 사고가 일어나고, 회사 측의 무성의한 대응에 분노한 인수는 사장단 회의를 하고 있는 회장실로 쳐들어간다. 회장 앞에서 당당히 서노인에 대한 보상금을 요구하는 인수에 대해 사장들은 모두 버릇이 없다고 하지만 회장은 ""썩 마음에 드는 놈""이라며 ""잡아두고 싶다""고 말한다. 약삭빠른 허사장은 이런 회장의 말을 듣고 미숙의 친구 영아를 시켜 인수를 데려오게 하여 운전기사로 채용하는 한편, 가짜 인수와 딸 미숙의 혼인을 성사시키려 한다. 한편 번번이 인수를 골탕먹이던 영아는 허사장에게 인수를 취직시키고는 일년치 월급을 선불 받아 사라진다. 인수는 관동제약 앞에서 우연히 영아를 발견하고 그녀를 쫓기 시작하는데, 그녀가 가짜 인수와 한패임이 드러난다. 본명이 윤대열인 가짜 인수와 한바탕 싸움을 벌이는 와중에 영아는 달아나고, 결국 인수는 허탈한 채 돌아오는데, 어머니(한은진)가 찾아와 모든 문제가 해결되었다며 이제 집으로 가자고 한다. 회장실의 아버지에게로 돌아온 인수는 뜻밖에도 그곳에서 영아를 만난다. 그녀는 사실 윤회장이 고용했던 것. 인수와 영아는 우여곡절 끝에 서로의 사랑을 확인한다. (영화)"
도깨비 감투,"가족,판타지",대한민국,1979,한진흥업㈜,박승철,최수민,19790728,75,"감투,권선징악,도깨비,도둑,전래동화,제사,요괴,투명인간,도둑질,욕심","돌이는 박신영감의 외동아들로 착하고, 용감하고, 모험심이 강한 아이다. 달안섬마을에는 마음씨 나쁜 사또가 있어서 무고한 양민들의 재산을 마구 빼앗고 있었는데, 박선영감집도 예외는 아니였다. 돌이는 도깨비감투를 쓰면 사람들 눈에 보이지 않는다는 아버지 얘기를 듣고 도깨비감투만 손에 넣게되면 나쁜사람들의 버릇도 고치고 죄없이 옥에 갇힌 옥희의 아버지 김진사도 구해낼 수 있을거라고 생각한다. 천신만고 끝에 도깨비감투를 손에 넣은 돌이는 사또의 나쁜 버릇을 고치고 김진사를 구출하나, 실수로 도깨비감투가 나쁜사람들에게 넘어가게 되고 사람들이 오히려 피해를 입게 된다. 그러나 돌이의 슬기로움으로 감투를 되찾고, 정의도 되찾게 된다."
아씨,"드라마,시대극/사극",대한민국,1970,주식회사 새한필름,최인현,"김희준,김창세,주선태,여운계,송해,사미자,지윤성,복혜숙,유계선,김신재,방수일,성소민,김웅,임해림,최정민,허명자,이동민,신찬일,김홍규",19710107,108,"조혼,남편의외도,가정폭력,어린신랑,TV드라마원작,TV연속극원작,TBC","순덕 아씨는 19살에 18살 긍재에게 시집을 가지만 남편의 학대를 받는다. 긍재는 서울에서 공부하던 중 은심이라는 여학생과의 사이에서 아들을 낳지만, 은심은 자신과 아씨를 위해서 아들 봉구를 맡기고 떠난다. 긍재는 가산을 탕진하며 서울에서 기생들과 세월을 보내고, 아씨는 은심이 낳은 아들 봉구와 자기가 낳은 딸 영순을 키우며 세월을 보낸다. 결국 긍재는 집문서와 토지문서를 가지고 기생 홍도를 데리고 만주로 떠난다. 만주에 간 긍재는 홍도 오빠(오남)의 간계로 일본 경찰에 수감된다. 아씨는 남편을 구하려고 만주로 가서 옛날 아씨를 짝사랑하던 검사(수남)을 만나게 되고, 그의 도움으로 남편은 석방된다. 긍재는 처음으로 자기의 잘못을 느끼고, 아씨에게 용서를 비는 사연을 남기고 떠난다."
산동반점,"액션,시대극/사극,무협,활극",대한민국,1982,신한영화,김선경,"서병헌,송정아,김영일,이재영,권성영,이희성,이화진,남포동,최명희,김명진,최화섭,지승룡,홍성찬,임재숙,강명자,김영란",19831102,102,"납치,무림고수,복수,약혼자,부모의원수,무술고수,무술권법전수,협력,마지막대결,산동시리즈,반점","장평은 돈을 벌어가지고 약혼자 화향을 찾던중 투계를 하던 봉룡을 만난다. 장평은 화향이 사마천 이란자에게 끌려간 것을 알고 찾아갔다가 돈만 빼앗기고 빈사상태로 쫓긴다. 죽음에서 소진의 구원을 받은 후 소진도 부모의 원수를 갚으려는 사실을 알고 공동전선을 펴기로 한다. 소진과 장평은 봉룡이 사마천과 동문수학한 무술의 고수임을 알게 되어 전수받는다. 한편 사마천은 자신의 죄과를 알고 있는 봉룡을 제거하려 한다. 결투의 날, 사마천의 무서운 괴력에 소진, 봉룡이 무너지나 장평의 새로운 권법이 사마천을 쓰러뜨린다."
육식동물,드라마,대한민국,1984,신한영화㈜,김기영,"김성겸,노경신,정재순,김병학,한우리,양희란,엄심정,배규빈,최일,여재하,상일환,이영호,강성환,최재호,석세영,김창완,전숙,문미봉,남수정",19850323,105,"고립감,두집살림,상실감,열등감,혼외정사,리메이크,호스테스,우유부단함,부부갈등,현실도피,공유,첩,아내",출판사 사장 김동식은 부인의 사업이 성장하자 열등감을 느끼게 되고 가정에서의 위치도 흐려지게 되어 차츰 방황한다. 이런 방황의 도피로 호스테스와 혼외정사를 갖게 된다. 그러나 성격이 우유부단한 그는 이러한 통정을 계기로 또 다른 가정을 갖게 되어 더 깊은 갈등과 심연으로 빠져들게 된다. 한편 부인과 내연의 처는 여성특유의 현실주의를 내세워 모종의 협상을 맺고 그를 공유하게 된다. 결국 당면한 현실을 외면하고 도피하려던 그는 생의 구덩이를 스스로 파서 모두로부터 영원히 잊혀지길 원했던 것이다.
뼈와 살이 타는 밤,드라마,대한민국,1985,세경흥업㈜,조명화,"현지혜(청아),마건중(준식),이정애(무당),최종숙(미혜),이희영(소령),왕룡(법사),이백(노인),최재훈(작가),홍준길(윤)",19850612,90,"꿈,목걸이,부적,전생,사진작가,호텔,성적유혹,법사,가정,정절",사진작가 준식은 평소 일로 인하여 가정에 소홀히 함을 부인과 딸에게 미안해 한 탓인지 이상한 꿈을 꾼다. 꿈속에서 길을 걷던 준식은 여자사진이 있는 금목걸이를 주워 사진은 버리고 목걸이만 부인에게 주려고 호텔로 온다. 그날 사진속의 청아라는 여인이 찾아와 전생에서 연인관계라며 사랑을 요구한다. 준식은 청아의 미모에 빠져들자 법사를 찾아가 부적이 있는 방에서 7일간 법사의 주문을 듣고 극복 하려고 한다. 준식은 7일을 무사히 넘기고 법사의 도술로 청아를 재로 만들어 버린다. 꿈에서 깨어난 준식은 가정을 잘 돌보겠다는 결심을 한다.
